Dataset,Prediction Length,MSE,MAE,model,source,model_source
ETTm1,96,0.288,0.343,TVNet,li2025_tvnet,TVNet (li2025_tvnet)
ETTm1,192,0.326,0.367,TVNet,li2025_tvnet,TVNet (li2025_tvnet)
ETTm1,336,0.365,0.391,TVNet,li2025_tvnet,TVNet (li2025_tvnet)
ETTm1,720,0.412,0.413,TVNet,li2025_tvnet,TVNet (li2025_tvnet)
ETTm1,Avg,0.348,0.379,TVNet,li2025_tvnet,TVNet (li2025_tvnet)
ETTm2,96,0.161,0.254,TVNet,li2025_tvnet,TVNet (li2025_tvnet)
ETTm2,192,0.22,0.293,TVNet,li2025_tvnet,TVNet (li2025_tvnet)
ETTm2,336,0.272,0.316,TVNet,li2025_tvnet,TVNet (li2025_tvnet)
ETTm2,720,0.349,0.379,TVNet,li2025_tvnet,TVNet (li2025_tvnet)
ETTm2,Avg,0.251,0.311,TVNet,li2025_tvnet,TVNet (li2025_tvnet)
ETTh1,96,0.371,0.408,TVNet,li2025_tvnet,TVNet (li2025_tvnet)
ETTh1,192,0.398,0.409,TVNet,li2025_tvnet,TVNet (li2025_tvnet)
ETTh1,336,0.401,0.409,TVNet,li2025_tvnet,TVNet (li2025_tvnet)
ETTh1,720,0.458,0.459,TVNet,li2025_tvnet,TVNet (li2025_tvnet)
ETTh1,Avg,0.407,0.421,TVNet,li2025_tvnet,TVNet (li2025_tvnet)
ETTh2,96,0.263,0.329,TVNet,li2025_tvnet,TVNet (li2025_tvnet)
ETTh2,192,0.319,0.372,TVNet,li2025_tvnet,TVNet (li2025_tvnet)
ETTh2,336,0.311,0.373,TVNet,li2025_tvnet,TVNet (li2025_tvnet)
ETTh2,720,0.401,0.434,TVNet,li2025_tvnet,TVNet (li2025_tvnet)
ETTh2,Avg,0.324,0.377,TVNet,li2025_tvnet,TVNet (li2025_tvnet)
Electricity,96,0.142,0.223,TVNet,li2025_tvnet,TVNet (li2025_tvnet)
Electricity,192,0.165,0.241,TVNet,li2025_tvnet,TVNet (li2025_tvnet)
Electricity,336,0.164,0.269,TVNet,li2025_tvnet,TVNet (li2025_tvnet)
Electricity,720,0.19,0.284,TVNet,li2025_tvnet,TVNet (li2025_tvnet)
Electricity,Avg,0.165,0.254,TVNet,li2025_tvnet,TVNet (li2025_tvnet)
Weather,96,0.147,0.198,TVNet,li2025_tvnet,TVNet (li2025_tvnet)
Weather,192,0.194,0.238,TVNet,li2025_tvnet,TVNet (li2025_tvnet)
Weather,336,0.235,0.277,TVNet,li2025_tvnet,TVNet (li2025_tvnet)
Weather,720,0.308,0.331,TVNet,li2025_tvnet,TVNet (li2025_tvnet)
Weather,Avg,0.221,0.261,TVNet,li2025_tvnet,TVNet (li2025_tvnet)
Traffic,96,0.367,0.252,TVNet,li2025_tvnet,TVNet (li2025_tvnet)
Traffic,192,0.381,0.262,TVNet,li2025_tvnet,TVNet (li2025_tvnet)
Traffic,336,0.395,0.268,TVNet,li2025_tvnet,TVNet (li2025_tvnet)
Traffic,720,0.442,0.29,TVNet,li2025_tvnet,TVNet (li2025_tvnet)
Traffic,Avg,0.396,0.268,TVNet,li2025_tvnet,TVNet (li2025_tvnet)
Exchange,96,0.08,0.195,TVNet,li2025_tvnet,TVNet (li2025_tvnet)
Exchange,192,0.163,0.285,TVNet,li2025_tvnet,TVNet (li2025_tvnet)
Exchange,336,0.291,0.394,TVNet,li2025_tvnet,TVNet (li2025_tvnet)
Exchange,720,0.658,0.594,TVNet,li2025_tvnet,TVNet (li2025_tvnet)
Exchange,Avg,0.298,0.367,TVNet,li2025_tvnet,TVNet (li2025_tvnet)
ILI,24,1.324,0.712,TVNet,li2025_tvnet,TVNet (li2025_tvnet)
ILI,36,1.19,0.772,TVNet,li2025_tvnet,TVNet (li2025_tvnet)
ILI,48,1.456,0.782,TVNet,li2025_tvnet,TVNet (li2025_tvnet)
ILI,60,1.652,0.796,TVNet,li2025_tvnet,TVNet (li2025_tvnet)
ILI,Avg,1.406,0.766,TVNet,li2025_tvnet,TVNet (li2025_tvnet)
Solar-Energy,96,,,TVNet,li2025_tvnet,TVNet (li2025_tvnet)
Solar-Energy,192,,,TVNet,li2025_tvnet,TVNet (li2025_tvnet)
Solar-Energy,336,,,TVNet,li2025_tvnet,TVNet (li2025_tvnet)
Solar-Energy,720,,,TVNet,li2025_tvnet,TVNet (li2025_tvnet)
Solar-Energy,Avg,,,TVNet,li2025_tvnet,TVNet (li2025_tvnet)
ETTm1,96,0.321,0.361,SimpleTM,chen2025_simpletm,SimpleTM (chen2025_simpletm)
ETTm1,192,0.36,0.38,SimpleTM,chen2025_simpletm,SimpleTM (chen2025_simpletm)
ETTm1,336,0.39,0.404,SimpleTM,chen2025_simpletm,SimpleTM (chen2025_simpletm)
ETTm1,720,0.454,0.438,SimpleTM,chen2025_simpletm,SimpleTM (chen2025_simpletm)
ETTm1,Avg,0.381,0.396,SimpleTM,chen2025_simpletm,SimpleTM (chen2025_simpletm)
ETTm2,96,0.173,0.257,SimpleTM,chen2025_simpletm,SimpleTM (chen2025_simpletm)
ETTm2,192,0.238,0.319,SimpleTM,chen2025_simpletm,SimpleTM (chen2025_simpletm)
ETTm2,336,0.296,0.338,SimpleTM,chen2025_simpletm,SimpleTM (chen2025_simpletm)
ETTm2,720,0.393,0.395,SimpleTM,chen2025_simpletm,SimpleTM (chen2025_simpletm)
ETTm2,Avg,0.275,0.322,SimpleTM,chen2025_simpletm,SimpleTM (chen2025_simpletm)
ETTh1,96,0.366,0.392,SimpleTM,chen2025_simpletm,SimpleTM (chen2025_simpletm)
ETTh1,192,0.422,0.421,SimpleTM,chen2025_simpletm,SimpleTM (chen2025_simpletm)
ETTh1,336,0.44,0.438,SimpleTM,chen2025_simpletm,SimpleTM (chen2025_simpletm)
ETTh1,720,0.463,0.462,SimpleTM,chen2025_simpletm,SimpleTM (chen2025_simpletm)
ETTh1,Avg,0.422,0.428,SimpleTM,chen2025_simpletm,SimpleTM (chen2025_simpletm)
ETTh2,96,0.281,0.338,SimpleTM,chen2025_simpletm,SimpleTM (chen2025_simpletm)
ETTh2,192,0.355,0.387,SimpleTM,chen2025_simpletm,SimpleTM (chen2025_simpletm)
ETTh2,336,0.365,0.401,SimpleTM,chen2025_simpletm,SimpleTM (chen2025_simpletm)
ETTh2,720,0.413,0.436,SimpleTM,chen2025_simpletm,SimpleTM (chen2025_simpletm)
ETTh2,Avg,0.353,0.391,SimpleTM,chen2025_simpletm,SimpleTM (chen2025_simpletm)
Electricity,96,0.141,0.235,SimpleTM,chen2025_simpletm,SimpleTM (chen2025_simpletm)
Electricity,192,0.151,0.247,SimpleTM,chen2025_simpletm,SimpleTM (chen2025_simpletm)
Electricity,336,0.173,0.267,SimpleTM,chen2025_simpletm,SimpleTM (chen2025_simpletm)
Electricity,720,0.201,0.293,SimpleTM,chen2025_simpletm,SimpleTM (chen2025_simpletm)
Electricity,Avg,0.166,0.26,SimpleTM,chen2025_simpletm,SimpleTM (chen2025_simpletm)
Weather,96,0.162,0.207,SimpleTM,chen2025_simpletm,SimpleTM (chen2025_simpletm)
Weather,192,0.208,0.248,SimpleTM,chen2025_simpletm,SimpleTM (chen2025_simpletm)
Weather,336,0.263,0.29,SimpleTM,chen2025_simpletm,SimpleTM (chen2025_simpletm)
Weather,720,0.34,0.341,SimpleTM,chen2025_simpletm,SimpleTM (chen2025_simpletm)
Weather,Avg,0.243,0.271,SimpleTM,chen2025_simpletm,SimpleTM (chen2025_simpletm)
Traffic,96,0.41,0.274,SimpleTM,chen2025_simpletm,SimpleTM (chen2025_simpletm)
Traffic,192,0.43,0.28,SimpleTM,chen2025_simpletm,SimpleTM (chen2025_simpletm)
Traffic,336,0.449,0.29,SimpleTM,chen2025_simpletm,SimpleTM (chen2025_simpletm)
Traffic,720,0.486,0.309,SimpleTM,chen2025_simpletm,SimpleTM (chen2025_simpletm)
Traffic,Avg,0.444,0.289,SimpleTM,chen2025_simpletm,SimpleTM (chen2025_simpletm)
Exchange,96,,,SimpleTM,chen2025_simpletm,SimpleTM (chen2025_simpletm)
Exchange,192,,,SimpleTM,chen2025_simpletm,SimpleTM (chen2025_simpletm)
Exchange,336,,,SimpleTM,chen2025_simpletm,SimpleTM (chen2025_simpletm)
Exchange,720,,,SimpleTM,chen2025_simpletm,SimpleTM (chen2025_simpletm)
Exchange,Avg,,,SimpleTM,chen2025_simpletm,SimpleTM (chen2025_simpletm)
ILI,24,,,SimpleTM,chen2025_simpletm,SimpleTM (chen2025_simpletm)
ILI,36,,,SimpleTM,chen2025_simpletm,SimpleTM (chen2025_simpletm)
ILI,48,,,SimpleTM,chen2025_simpletm,SimpleTM (chen2025_simpletm)
ILI,60,,,SimpleTM,chen2025_simpletm,SimpleTM (chen2025_simpletm)
ILI,Avg,,,SimpleTM,chen2025_simpletm,SimpleTM (chen2025_simpletm)
Solar-Energy,96,0.163,0.232,SimpleTM,chen2025_simpletm,SimpleTM (chen2025_simpletm)
Solar-Energy,192,0.182,0.247,SimpleTM,chen2025_simpletm,SimpleTM (chen2025_simpletm)
Solar-Energy,336,0.193,0.257,SimpleTM,chen2025_simpletm,SimpleTM (chen2025_simpletm)
Solar-Energy,720,0.199,0.252,SimpleTM,chen2025_simpletm,SimpleTM (chen2025_simpletm)
Solar-Energy,Avg,0.184,0.247,SimpleTM,chen2025_simpletm,SimpleTM (chen2025_simpletm)
ETTm1,96,0.31,0.334,TimeMixer++,wang2025_timemixer,TimeMixer++ (wang2025_timemixer)
ETTm1,192,0.348,0.362,TimeMixer++,wang2025_timemixer,TimeMixer++ (wang2025_timemixer)
ETTm1,336,0.376,0.391,TimeMixer++,wang2025_timemixer,TimeMixer++ (wang2025_timemixer)
ETTm1,720,0.44,0.423,TimeMixer++,wang2025_timemixer,TimeMixer++ (wang2025_timemixer)
ETTm1,Avg,0.369,0.378,TimeMixer++,wang2025_timemixer,TimeMixer++ (wang2025_timemixer)
ETTm2,96,0.17,0.245,TimeMixer++,wang2025_timemixer,TimeMixer++ (wang2025_timemixer)
ETTm2,192,0.229,0.291,TimeMixer++,wang2025_timemixer,TimeMixer++ (wang2025_timemixer)
ETTm2,336,0.303,0.343,TimeMixer++,wang2025_timemixer,TimeMixer++ (wang2025_timemixer)
ETTm2,720,0.373,0.399,TimeMixer++,wang2025_timemixer,TimeMixer++ (wang2025_timemixer)
ETTm2,Avg,0.269,0.32,TimeMixer++,wang2025_timemixer,TimeMixer++ (wang2025_timemixer)
ETTh1,96,0.361,0.403,TimeMixer++,wang2025_timemixer,TimeMixer++ (wang2025_timemixer)
ETTh1,192,0.416,0.441,TimeMixer++,wang2025_timemixer,TimeMixer++ (wang2025_timemixer)
ETTh1,336,0.43,0.434,TimeMixer++,wang2025_timemixer,TimeMixer++ (wang2025_timemixer)
ETTh1,720,0.467,0.451,TimeMixer++,wang2025_timemixer,TimeMixer++ (wang2025_timemixer)
ETTh1,Avg,0.419,0.432,TimeMixer++,wang2025_timemixer,TimeMixer++ (wang2025_timemixer)
ETTh2,96,0.276,0.328,TimeMixer++,wang2025_timemixer,TimeMixer++ (wang2025_timemixer)
ETTh2,192,0.342,0.379,TimeMixer++,wang2025_timemixer,TimeMixer++ (wang2025_timemixer)
ETTh2,336,0.346,0.398,TimeMixer++,wang2025_timemixer,TimeMixer++ (wang2025_timemixer)
ETTh2,720,0.392,0.415,TimeMixer++,wang2025_timemixer,TimeMixer++ (wang2025_timemixer)
ETTh2,Avg,0.339,0.38,TimeMixer++,wang2025_timemixer,TimeMixer++ (wang2025_timemixer)
Electricity,96,0.135,0.222,TimeMixer++,wang2025_timemixer,TimeMixer++ (wang2025_timemixer)
Electricity,192,0.147,0.235,TimeMixer++,wang2025_timemixer,TimeMixer++ (wang2025_timemixer)
Electricity,336,0.164,0.245,TimeMixer++,wang2025_timemixer,TimeMixer++ (wang2025_timemixer)
Electricity,720,0.212,0.31,TimeMixer++,wang2025_timemixer,TimeMixer++ (wang2025_timemixer)
Electricity,Avg,0.165,0.253,TimeMixer++,wang2025_timemixer,TimeMixer++ (wang2025_timemixer)
Weather,96,0.155,0.205,TimeMixer++,wang2025_timemixer,TimeMixer++ (wang2025_timemixer)
Weather,192,0.201,0.245,TimeMixer++,wang2025_timemixer,TimeMixer++ (wang2025_timemixer)
Weather,336,0.237,0.265,TimeMixer++,wang2025_timemixer,TimeMixer++ (wang2025_timemixer)
Weather,720,0.312,0.334,TimeMixer++,wang2025_timemixer,TimeMixer++ (wang2025_timemixer)
Weather,Avg,0.226,0.262,TimeMixer++,wang2025_timemixer,TimeMixer++ (wang2025_timemixer)
Traffic,96,0.392,0.253,TimeMixer++,wang2025_timemixer,TimeMixer++ (wang2025_timemixer)
Traffic,192,0.402,0.258,TimeMixer++,wang2025_timemixer,TimeMixer++ (wang2025_timemixer)
Traffic,336,0.428,0.263,TimeMixer++,wang2025_timemixer,TimeMixer++ (wang2025_timemixer)
Traffic,720,0.441,0.282,TimeMixer++,wang2025_timemixer,TimeMixer++ (wang2025_timemixer)
Traffic,Avg,0.416,0.264,TimeMixer++,wang2025_timemixer,TimeMixer++ (wang2025_timemixer)
Exchange,96,0.085,0.214,TimeMixer++,wang2025_timemixer,TimeMixer++ (wang2025_timemixer)
Exchange,192,0.175,0.313,TimeMixer++,wang2025_timemixer,TimeMixer++ (wang2025_timemixer)
Exchange,336,0.316,0.42,TimeMixer++,wang2025_timemixer,TimeMixer++ (wang2025_timemixer)
Exchange,720,0.851,0.689,TimeMixer++,wang2025_timemixer,TimeMixer++ (wang2025_timemixer)
Exchange,Avg,0.357,0.391,TimeMixer++,wang2025_timemixer,TimeMixer++ (wang2025_timemixer)
ILI,24,,,TimeMixer++,wang2025_timemixer,TimeMixer++ (wang2025_timemixer)
ILI,36,,,TimeMixer++,wang2025_timemixer,TimeMixer++ (wang2025_timemixer)
ILI,48,,,TimeMixer++,wang2025_timemixer,TimeMixer++ (wang2025_timemixer)
ILI,60,,,TimeMixer++,wang2025_timemixer,TimeMixer++ (wang2025_timemixer)
ILI,Avg,,,TimeMixer++,wang2025_timemixer,TimeMixer++ (wang2025_timemixer)
Solar-Energy,96,0.171,0.231,TimeMixer++,wang2025_timemixer,TimeMixer++ (wang2025_timemixer)
Solar-Energy,192,0.218,0.263,TimeMixer++,wang2025_timemixer,TimeMixer++ (wang2025_timemixer)
Solar-Energy,336,0.212,0.269,TimeMixer++,wang2025_timemixer,TimeMixer++ (wang2025_timemixer)
Solar-Energy,720,0.212,0.27,TimeMixer++,wang2025_timemixer,TimeMixer++ (wang2025_timemixer)
Solar-Energy,Avg,0.203,0.238,TimeMixer++,wang2025_timemixer,TimeMixer++ (wang2025_timemixer)
ETTm1,96,0.32,0.357,TimeMixer,wang2025_timemixer,TimeMixer (wang2025_timemixer)
ETTm1,192,0.361,0.381,TimeMixer,wang2025_timemixer,TimeMixer (wang2025_timemixer)
ETTm1,336,0.39,0.404,TimeMixer,wang2025_timemixer,TimeMixer (wang2025_timemixer)
ETTm1,720,0.454,0.441,TimeMixer,wang2025_timemixer,TimeMixer (wang2025_timemixer)
ETTm1,Avg,0.381,0.395,TimeMixer,wang2025_timemixer,TimeMixer (wang2025_timemixer)
ETTm2,96,0.175,0.258,TimeMixer,wang2025_timemixer,TimeMixer (wang2025_timemixer)
ETTm2,192,0.237,0.299,TimeMixer,wang2025_timemixer,TimeMixer (wang2025_timemixer)
ETTm2,336,0.298,0.34,TimeMixer,wang2025_timemixer,TimeMixer (wang2025_timemixer)
ETTm2,720,0.391,0.396,TimeMixer,wang2025_timemixer,TimeMixer (wang2025_timemixer)
ETTm2,Avg,0.275,0.323,TimeMixer,wang2025_timemixer,TimeMixer (wang2025_timemixer)
ETTh1,96,0.375,0.4,TimeMixer,wang2025_timemixer,TimeMixer (wang2025_timemixer)
ETTh1,192,0.429,0.421,TimeMixer,wang2025_timemixer,TimeMixer (wang2025_timemixer)
ETTh1,336,0.484,0.458,TimeMixer,wang2025_timemixer,TimeMixer (wang2025_timemixer)
ETTh1,720,0.498,0.482,TimeMixer,wang2025_timemixer,TimeMixer (wang2025_timemixer)
ETTh1,Avg,0.447,0.44,TimeMixer,wang2025_timemixer,TimeMixer (wang2025_timemixer)
ETTh2,96,0.289,0.341,TimeMixer,wang2025_timemixer,TimeMixer (wang2025_timemixer)
ETTh2,192,0.372,0.392,TimeMixer,wang2025_timemixer,TimeMixer (wang2025_timemixer)
ETTh2,336,0.386,0.414,TimeMixer,wang2025_timemixer,TimeMixer (wang2025_timemixer)
ETTh2,720,0.412,0.434,TimeMixer,wang2025_timemixer,TimeMixer (wang2025_timemixer)
ETTh2,Avg,0.364,0.395,TimeMixer,wang2025_timemixer,TimeMixer (wang2025_timemixer)
Electricity,96,0.153,0.247,TimeMixer,wang2025_timemixer,TimeMixer (wang2025_timemixer)
Electricity,192,0.166,0.256,TimeMixer,wang2025_timemixer,TimeMixer (wang2025_timemixer)
Electricity,336,0.185,0.277,TimeMixer,wang2025_timemixer,TimeMixer (wang2025_timemixer)
Electricity,720,0.225,0.31,TimeMixer,wang2025_timemixer,TimeMixer (wang2025_timemixer)
Electricity,Avg,0.182,0.272,TimeMixer,wang2025_timemixer,TimeMixer (wang2025_timemixer)
Weather,96,0.163,0.209,TimeMixer,wang2025_timemixer,TimeMixer (wang2025_timemixer)
Weather,192,0.208,0.25,TimeMixer,wang2025_timemixer,TimeMixer (wang2025_timemixer)
Weather,336,0.251,0.287,TimeMixer,wang2025_timemixer,TimeMixer (wang2025_timemixer)
Weather,720,0.339,0.341,TimeMixer,wang2025_timemixer,TimeMixer (wang2025_timemixer)
Weather,Avg,0.24,0.271,TimeMixer,wang2025_timemixer,TimeMixer (wang2025_timemixer)
Traffic,96,0.462,0.285,TimeMixer,wang2025_timemixer,TimeMixer (wang2025_timemixer)
Traffic,192,0.473,0.296,TimeMixer,wang2025_timemixer,TimeMixer (wang2025_timemixer)
Traffic,336,0.498,0.296,TimeMixer,wang2025_timemixer,TimeMixer (wang2025_timemixer)
Traffic,720,0.506,0.313,TimeMixer,wang2025_timemixer,TimeMixer (wang2025_timemixer)
Traffic,Avg,0.484,0.297,TimeMixer,wang2025_timemixer,TimeMixer (wang2025_timemixer)
Exchange,96,0.09,0.235,TimeMixer,wang2025_timemixer,TimeMixer (wang2025_timemixer)
Exchange,192,0.187,0.343,TimeMixer,wang2025_timemixer,TimeMixer (wang2025_timemixer)
Exchange,336,0.353,0.473,TimeMixer,wang2025_timemixer,TimeMixer (wang2025_timemixer)
Exchange,720,0.934,0.761,TimeMixer,wang2025_timemixer,TimeMixer (wang2025_timemixer)
Exchange,Avg,0.391,0.453,TimeMixer,wang2025_timemixer,TimeMixer (wang2025_timemixer)
ILI,24,,,TimeMixer,wang2025_timemixer,TimeMixer (wang2025_timemixer)
ILI,36,,,TimeMixer,wang2025_timemixer,TimeMixer (wang2025_timemixer)
ILI,48,,,TimeMixer,wang2025_timemixer,TimeMixer (wang2025_timemixer)
ILI,60,,,TimeMixer,wang2025_timemixer,TimeMixer (wang2025_timemixer)
ILI,Avg,,,TimeMixer,wang2025_timemixer,TimeMixer (wang2025_timemixer)
Solar-Energy,96,0.189,0.259,TimeMixer,wang2025_timemixer,TimeMixer (wang2025_timemixer)
Solar-Energy,192,0.222,0.283,TimeMixer,wang2025_timemixer,TimeMixer (wang2025_timemixer)
Solar-Energy,336,0.231,0.292,TimeMixer,wang2025_timemixer,TimeMixer (wang2025_timemixer)
Solar-Energy,720,0.223,0.285,TimeMixer,wang2025_timemixer,TimeMixer (wang2025_timemixer)
Solar-Energy,Avg,0.216,0.28,TimeMixer,wang2025_timemixer,TimeMixer (wang2025_timemixer)
ETTm1,96,0.334,0.368,iTransformer,wang2025_timemixer,iTransformer (wang2025_timemixer)
ETTm1,192,0.39,0.393,iTransformer,wang2025_timemixer,iTransformer (wang2025_timemixer)
ETTm1,336,0.426,0.42,iTransformer,wang2025_timemixer,iTransformer (wang2025_timemixer)
ETTm1,720,0.491,0.459,iTransformer,wang2025_timemixer,iTransformer (wang2025_timemixer)
ETTm1,Avg,0.407,0.41,iTransformer,wang2025_timemixer,iTransformer (wang2025_timemixer)
ETTm2,96,0.18,0.264,iTransformer,wang2025_timemixer,iTransformer (wang2025_timemixer)
ETTm2,192,0.25,0.309,iTransformer,wang2025_timemixer,iTransformer (wang2025_timemixer)
ETTm2,336,0.311,0.348,iTransformer,wang2025_timemixer,iTransformer (wang2025_timemixer)
ETTm2,720,0.412,0.407,iTransformer,wang2025_timemixer,iTransformer (wang2025_timemixer)
ETTm2,Avg,0.288,0.332,iTransformer,wang2025_timemixer,iTransformer (wang2025_timemixer)
ETTh1,96,0.386,0.405,iTransformer,wang2025_timemixer,iTransformer (wang2025_timemixer)
ETTh1,192,0.441,0.512,iTransformer,wang2025_timemixer,iTransformer (wang2025_timemixer)
ETTh1,336,0.487,0.458,iTransformer,wang2025_timemixer,iTransformer (wang2025_timemixer)
ETTh1,720,0.503,0.491,iTransformer,wang2025_timemixer,iTransformer (wang2025_timemixer)
ETTh1,Avg,0.454,0.447,iTransformer,wang2025_timemixer,iTransformer (wang2025_timemixer)
ETTh2,96,0.297,0.349,iTransformer,wang2025_timemixer,iTransformer (wang2025_timemixer)
ETTh2,192,0.38,0.4,iTransformer,wang2025_timemixer,iTransformer (wang2025_timemixer)
ETTh2,336,0.428,0.432,iTransformer,wang2025_timemixer,iTransformer (wang2025_timemixer)
ETTh2,720,0.427,0.445,iTransformer,wang2025_timemixer,iTransformer (wang2025_timemixer)
ETTh2,Avg,0.383,0.407,iTransformer,wang2025_timemixer,iTransformer (wang2025_timemixer)
Electricity,96,0.148,0.24,iTransformer,wang2025_timemixer,iTransformer (wang2025_timemixer)
Electricity,192,0.162,0.253,iTransformer,wang2025_timemixer,iTransformer (wang2025_timemixer)
Electricity,336,0.178,0.269,iTransformer,wang2025_timemixer,iTransformer (wang2025_timemixer)
Electricity,720,0.225,0.317,iTransformer,wang2025_timemixer,iTransformer (wang2025_timemixer)
Electricity,Avg,0.178,0.27,iTransformer,wang2025_timemixer,iTransformer (wang2025_timemixer)
Weather,96,0.174,0.214,iTransformer,wang2025_timemixer,iTransformer (wang2025_timemixer)
Weather,192,0.221,0.254,iTransformer,wang2025_timemixer,iTransformer (wang2025_timemixer)
Weather,336,0.278,0.296,iTransformer,wang2025_timemixer,iTransformer (wang2025_timemixer)
Weather,720,0.358,0.347,iTransformer,wang2025_timemixer,iTransformer (wang2025_timemixer)
Weather,Avg,0.258,0.278,iTransformer,wang2025_timemixer,iTransformer (wang2025_timemixer)
Traffic,96,0.395,0.268,iTransformer,wang2025_timemixer,iTransformer (wang2025_timemixer)
Traffic,192,0.417,0.276,iTransformer,wang2025_timemixer,iTransformer (wang2025_timemixer)
Traffic,336,0.433,0.283,iTransformer,wang2025_timemixer,iTransformer (wang2025_timemixer)
Traffic,720,0.467,0.302,iTransformer,wang2025_timemixer,iTransformer (wang2025_timemixer)
Traffic,Avg,0.428,0.282,iTransformer,wang2025_timemixer,iTransformer (wang2025_timemixer)
Exchange,96,0.086,0.206,iTransformer,wang2025_timemixer,iTransformer (wang2025_timemixer)
Exchange,192,0.177,0.299,iTransformer,wang2025_timemixer,iTransformer (wang2025_timemixer)
Exchange,336,0.331,0.417,iTransformer,wang2025_timemixer,iTransformer (wang2025_timemixer)
Exchange,720,0.847,0.691,iTransformer,wang2025_timemixer,iTransformer (wang2025_timemixer)
Exchange,Avg,0.36,0.403,iTransformer,wang2025_timemixer,iTransformer (wang2025_timemixer)
ILI,24,,,iTransformer,wang2025_timemixer,iTransformer (wang2025_timemixer)
ILI,36,,,iTransformer,wang2025_timemixer,iTransformer (wang2025_timemixer)
ILI,48,,,iTransformer,wang2025_timemixer,iTransformer (wang2025_timemixer)
ILI,60,,,iTransformer,wang2025_timemixer,iTransformer (wang2025_timemixer)
ILI,Avg,,,iTransformer,wang2025_timemixer,iTransformer (wang2025_timemixer)
Solar-Energy,96,0.203,0.237,iTransformer,wang2025_timemixer,iTransformer (wang2025_timemixer)
Solar-Energy,192,0.233,0.261,iTransformer,wang2025_timemixer,iTransformer (wang2025_timemixer)
Solar-Energy,336,0.248,0.273,iTransformer,wang2025_timemixer,iTransformer (wang2025_timemixer)
Solar-Energy,720,0.249,0.275,iTransformer,wang2025_timemixer,iTransformer (wang2025_timemixer)
Solar-Energy,Avg,0.233,0.262,iTransformer,wang2025_timemixer,iTransformer (wang2025_timemixer)
ETTm1,96,0.352,0.374,PatchTST,wang2025_timemixer,PatchTST (wang2025_timemixer)
ETTm1,192,0.374,0.387,PatchTST,wang2025_timemixer,PatchTST (wang2025_timemixer)
ETTm1,336,0.421,0.414,PatchTST,wang2025_timemixer,PatchTST (wang2025_timemixer)
ETTm1,720,0.462,0.449,PatchTST,wang2025_timemixer,PatchTST (wang2025_timemixer)
ETTm1,Avg,0.406,0.407,PatchTST,wang2025_timemixer,PatchTST (wang2025_timemixer)
ETTm2,96,0.183,0.27,PatchTST,wang2025_timemixer,PatchTST (wang2025_timemixer)
ETTm2,192,0.255,0.314,PatchTST,wang2025_timemixer,PatchTST (wang2025_timemixer)
ETTm2,336,0.309,0.347,PatchTST,wang2025_timemixer,PatchTST (wang2025_timemixer)
ETTm2,720,0.412,0.404,PatchTST,wang2025_timemixer,PatchTST (wang2025_timemixer)
ETTm2,Avg,0.29,0.334,PatchTST,wang2025_timemixer,PatchTST (wang2025_timemixer)
ETTh1,96,0.46,0.447,PatchTST,wang2025_timemixer,PatchTST (wang2025_timemixer)
ETTh1,192,0.477,0.429,PatchTST,wang2025_timemixer,PatchTST (wang2025_timemixer)
ETTh1,336,0.546,0.496,PatchTST,wang2025_timemixer,PatchTST (wang2025_timemixer)
ETTh1,720,0.544,0.517,PatchTST,wang2025_timemixer,PatchTST (wang2025_timemixer)
ETTh1,Avg,0.516,0.484,PatchTST,wang2025_timemixer,PatchTST (wang2025_timemixer)
ETTh2,96,0.308,0.355,PatchTST,wang2025_timemixer,PatchTST (wang2025_timemixer)
ETTh2,192,0.393,0.405,PatchTST,wang2025_timemixer,PatchTST (wang2025_timemixer)
ETTh2,336,0.427,0.436,PatchTST,wang2025_timemixer,PatchTST (wang2025_timemixer)
ETTh2,720,0.436,0.45,PatchTST,wang2025_timemixer,PatchTST (wang2025_timemixer)
ETTh2,Avg,0.391,0.411,PatchTST,wang2025_timemixer,PatchTST (wang2025_timemixer)
Electricity,96,0.19,0.296,PatchTST,wang2025_timemixer,PatchTST (wang2025_timemixer)
Electricity,192,0.199,0.304,PatchTST,wang2025_timemixer,PatchTST (wang2025_timemixer)
Electricity,336,0.217,0.319,PatchTST,wang2025_timemixer,PatchTST (wang2025_timemixer)
Electricity,720,0.258,0.352,PatchTST,wang2025_timemixer,PatchTST (wang2025_timemixer)
Electricity,Avg,0.216,0.318,PatchTST,wang2025_timemixer,PatchTST (wang2025_timemixer)
Weather,96,0.186,0.227,PatchTST,wang2025_timemixer,PatchTST (wang2025_timemixer)
Weather,192,0.234,0.265,PatchTST,wang2025_timemixer,PatchTST (wang2025_timemixer)
Weather,336,0.284,0.301,PatchTST,wang2025_timemixer,PatchTST (wang2025_timemixer)
Weather,720,0.356,0.349,PatchTST,wang2025_timemixer,PatchTST (wang2025_timemixer)
Weather,Avg,0.265,0.285,PatchTST,wang2025_timemixer,PatchTST (wang2025_timemixer)
Traffic,96,0.526,0.347,PatchTST,wang2025_timemixer,PatchTST (wang2025_timemixer)
Traffic,192,0.522,0.332,PatchTST,wang2025_timemixer,PatchTST (wang2025_timemixer)
Traffic,336,0.517,0.334,PatchTST,wang2025_timemixer,PatchTST (wang2025_timemixer)
Traffic,720,0.552,0.352,PatchTST,wang2025_timemixer,PatchTST (wang2025_timemixer)
Traffic,Avg,0.529,0.341,PatchTST,wang2025_timemixer,PatchTST (wang2025_timemixer)
Exchange,96,0.088,0.205,PatchTST,wang2025_timemixer,PatchTST (wang2025_timemixer)
Exchange,192,0.176,0.299,PatchTST,wang2025_timemixer,PatchTST (wang2025_timemixer)
Exchange,336,0.301,0.397,PatchTST,wang2025_timemixer,PatchTST (wang2025_timemixer)
Exchange,720,0.901,0.714,PatchTST,wang2025_timemixer,PatchTST (wang2025_timemixer)
Exchange,Avg,0.367,0.404,PatchTST,wang2025_timemixer,PatchTST (wang2025_timemixer)
ILI,24,,,PatchTST,wang2025_timemixer,PatchTST (wang2025_timemixer)
ILI,36,,,PatchTST,wang2025_timemixer,PatchTST (wang2025_timemixer)
ILI,48,,,PatchTST,wang2025_timemixer,PatchTST (wang2025_timemixer)
ILI,60,,,PatchTST,wang2025_timemixer,PatchTST (wang2025_timemixer)
ILI,Avg,,,PatchTST,wang2025_timemixer,PatchTST (wang2025_timemixer)
Solar-Energy,96,0.265,0.323,PatchTST,wang2025_timemixer,PatchTST (wang2025_timemixer)
Solar-Energy,192,0.288,0.332,PatchTST,wang2025_timemixer,PatchTST (wang2025_timemixer)
Solar-Energy,336,0.301,0.339,PatchTST,wang2025_timemixer,PatchTST (wang2025_timemixer)
Solar-Energy,720,0.295,0.336,PatchTST,wang2025_timemixer,PatchTST (wang2025_timemixer)
Solar-Energy,Avg,0.287,0.333,PatchTST,wang2025_timemixer,PatchTST (wang2025_timemixer)
ETTm1,96,0.292,0.346,ModernTCN,donghao2024_moderntcn,ModernTCN (donghao2024_moderntcn)
ETTm1,192,0.332,0.368,ModernTCN,donghao2024_moderntcn,ModernTCN (donghao2024_moderntcn)
ETTm1,336,0.365,0.391,ModernTCN,donghao2024_moderntcn,ModernTCN (donghao2024_moderntcn)
ETTm1,720,0.416,0.417,ModernTCN,donghao2024_moderntcn,ModernTCN (donghao2024_moderntcn)
ETTm1,Avg,0.351,0.381,ModernTCN,donghao2024_moderntcn,ModernTCN (donghao2024_moderntcn)
ETTm2,96,0.166,0.256,ModernTCN,donghao2024_moderntcn,ModernTCN (donghao2024_moderntcn)
ETTm2,192,0.222,0.293,ModernTCN,donghao2024_moderntcn,ModernTCN (donghao2024_moderntcn)
ETTm2,336,0.272,0.324,ModernTCN,donghao2024_moderntcn,ModernTCN (donghao2024_moderntcn)
ETTm2,720,0.351,0.381,ModernTCN,donghao2024_moderntcn,ModernTCN (donghao2024_moderntcn)
ETTm2,Avg,0.253,0.314,ModernTCN,donghao2024_moderntcn,ModernTCN (donghao2024_moderntcn)
ETTh1,96,0.368,0.394,ModernTCN,donghao2024_moderntcn,ModernTCN (donghao2024_moderntcn)
ETTh1,192,0.405,0.413,ModernTCN,donghao2024_moderntcn,ModernTCN (donghao2024_moderntcn)
ETTh1,336,0.391,0.412,ModernTCN,donghao2024_moderntcn,ModernTCN (donghao2024_moderntcn)
ETTh1,720,0.45,0.461,ModernTCN,donghao2024_moderntcn,ModernTCN (donghao2024_moderntcn)
ETTh1,Avg,0.404,0.42,ModernTCN,donghao2024_moderntcn,ModernTCN (donghao2024_moderntcn)
ETTh2,96,0.263,0.332,ModernTCN,donghao2024_moderntcn,ModernTCN (donghao2024_moderntcn)
ETTh2,192,0.32,0.374,ModernTCN,donghao2024_moderntcn,ModernTCN (donghao2024_moderntcn)
ETTh2,336,0.313,0.376,ModernTCN,donghao2024_moderntcn,ModernTCN (donghao2024_moderntcn)
ETTh2,720,0.392,0.433,ModernTCN,donghao2024_moderntcn,ModernTCN (donghao2024_moderntcn)
ETTh2,Avg,0.322,0.379,ModernTCN,donghao2024_moderntcn,ModernTCN (donghao2024_moderntcn)
Electricity,96,0.129,0.226,ModernTCN,donghao2024_moderntcn,ModernTCN (donghao2024_moderntcn)
Electricity,192,0.143,0.239,ModernTCN,donghao2024_moderntcn,ModernTCN (donghao2024_moderntcn)
Electricity,336,0.161,0.259,ModernTCN,donghao2024_moderntcn,ModernTCN (donghao2024_moderntcn)
Electricity,720,0.191,0.286,ModernTCN,donghao2024_moderntcn,ModernTCN (donghao2024_moderntcn)
Electricity,Avg,0.156,0.253,ModernTCN,donghao2024_moderntcn,ModernTCN (donghao2024_moderntcn)
Weather,96,0.149,0.2,ModernTCN,donghao2024_moderntcn,ModernTCN (donghao2024_moderntcn)
Weather,192,0.196,0.245,ModernTCN,donghao2024_moderntcn,ModernTCN (donghao2024_moderntcn)
Weather,336,0.238,0.277,ModernTCN,donghao2024_moderntcn,ModernTCN (donghao2024_moderntcn)
Weather,720,0.314,0.334,ModernTCN,donghao2024_moderntcn,ModernTCN (donghao2024_moderntcn)
Weather,Avg,0.224,0.264,ModernTCN,donghao2024_moderntcn,ModernTCN (donghao2024_moderntcn)
Traffic,96,0.368,0.253,ModernTCN,donghao2024_moderntcn,ModernTCN (donghao2024_moderntcn)
Traffic,192,0.379,0.261,ModernTCN,donghao2024_moderntcn,ModernTCN (donghao2024_moderntcn)
Traffic,336,0.397,0.27,ModernTCN,donghao2024_moderntcn,ModernTCN (donghao2024_moderntcn)
Traffic,720,0.44,0.296,ModernTCN,donghao2024_moderntcn,ModernTCN (donghao2024_moderntcn)
Traffic,Avg,0.396,0.27,ModernTCN,donghao2024_moderntcn,ModernTCN (donghao2024_moderntcn)
Exchange,96,0.08,0.196,ModernTCN,donghao2024_moderntcn,ModernTCN (donghao2024_moderntcn)
Exchange,192,0.166,0.288,ModernTCN,donghao2024_moderntcn,ModernTCN (donghao2024_moderntcn)
Exchange,336,0.307,0.398,ModernTCN,donghao2024_moderntcn,ModernTCN (donghao2024_moderntcn)
Exchange,720,0.656,0.582,ModernTCN,donghao2024_moderntcn,ModernTCN (donghao2024_moderntcn)
Exchange,Avg,0.302,0.366,ModernTCN,donghao2024_moderntcn,ModernTCN (donghao2024_moderntcn)
ILI,24,1.347,0.717,ModernTCN,donghao2024_moderntcn,ModernTCN (donghao2024_moderntcn)
ILI,36,1.25,0.778,ModernTCN,donghao2024_moderntcn,ModernTCN (donghao2024_moderntcn)
ILI,48,1.388,0.781,ModernTCN,donghao2024_moderntcn,ModernTCN (donghao2024_moderntcn)
ILI,60,1.774,0.868,ModernTCN,donghao2024_moderntcn,ModernTCN (donghao2024_moderntcn)
ILI,Avg,1.44,0.786,ModernTCN,donghao2024_moderntcn,ModernTCN (donghao2024_moderntcn)
Solar-Energy,96,,,ModernTCN,donghao2024_moderntcn,ModernTCN (donghao2024_moderntcn)
Solar-Energy,192,,,ModernTCN,donghao2024_moderntcn,ModernTCN (donghao2024_moderntcn)
Solar-Energy,336,,,ModernTCN,donghao2024_moderntcn,ModernTCN (donghao2024_moderntcn)
Solar-Energy,720,,,ModernTCN,donghao2024_moderntcn,ModernTCN (donghao2024_moderntcn)
Solar-Energy,Avg,,,ModernTCN,donghao2024_moderntcn,ModernTCN (donghao2024_moderntcn)
ETTm1,96,0.29,0.342,PatchTST,donghao2024_moderntcn,PatchTST (donghao2024_moderntcn)
ETTm1,192,0.332,0.369,PatchTST,donghao2024_moderntcn,PatchTST (donghao2024_moderntcn)
ETTm1,336,0.366,0.392,PatchTST,donghao2024_moderntcn,PatchTST (donghao2024_moderntcn)
ETTm1,720,0.416,0.42,PatchTST,donghao2024_moderntcn,PatchTST (donghao2024_moderntcn)
ETTm1,Avg,0.351,0.381,PatchTST,donghao2024_moderntcn,PatchTST (donghao2024_moderntcn)
ETTm2,96,0.165,0.255,PatchTST,donghao2024_moderntcn,PatchTST (donghao2024_moderntcn)
ETTm2,192,0.22,0.292,PatchTST,donghao2024_moderntcn,PatchTST (donghao2024_moderntcn)
ETTm2,336,0.274,0.329,PatchTST,donghao2024_moderntcn,PatchTST (donghao2024_moderntcn)
ETTm2,720,0.362,0.385,PatchTST,donghao2024_moderntcn,PatchTST (donghao2024_moderntcn)
ETTm2,Avg,0.255,0.315,PatchTST,donghao2024_moderntcn,PatchTST (donghao2024_moderntcn)
ETTh1,96,0.37,0.399,PatchTST,donghao2024_moderntcn,PatchTST (donghao2024_moderntcn)
ETTh1,192,0.413,0.421,PatchTST,donghao2024_moderntcn,PatchTST (donghao2024_moderntcn)
ETTh1,336,0.422,0.436,PatchTST,donghao2024_moderntcn,PatchTST (donghao2024_moderntcn)
ETTh1,720,0.447,0.466,PatchTST,donghao2024_moderntcn,PatchTST (donghao2024_moderntcn)
ETTh1,Avg,0.413,0.431,PatchTST,donghao2024_moderntcn,PatchTST (donghao2024_moderntcn)
ETTh2,96,0.274,0.336,PatchTST,donghao2024_moderntcn,PatchTST (donghao2024_moderntcn)
ETTh2,192,0.339,0.379,PatchTST,donghao2024_moderntcn,PatchTST (donghao2024_moderntcn)
ETTh2,336,0.329,0.38,PatchTST,donghao2024_moderntcn,PatchTST (donghao2024_moderntcn)
ETTh2,720,0.379,0.422,PatchTST,donghao2024_moderntcn,PatchTST (donghao2024_moderntcn)
ETTh2,Avg,0.33,0.379,PatchTST,donghao2024_moderntcn,PatchTST (donghao2024_moderntcn)
Electricity,96,0.129,0.222,PatchTST,donghao2024_moderntcn,PatchTST (donghao2024_moderntcn)
Electricity,192,0.147,0.24,PatchTST,donghao2024_moderntcn,PatchTST (donghao2024_moderntcn)
Electricity,336,0.163,0.259,PatchTST,donghao2024_moderntcn,PatchTST (donghao2024_moderntcn)
Electricity,720,0.197,0.29,PatchTST,donghao2024_moderntcn,PatchTST (donghao2024_moderntcn)
Electricity,Avg,0.159,0.253,PatchTST,donghao2024_moderntcn,PatchTST (donghao2024_moderntcn)
Weather,96,0.149,0.198,PatchTST,donghao2024_moderntcn,PatchTST (donghao2024_moderntcn)
Weather,192,0.194,0.241,PatchTST,donghao2024_moderntcn,PatchTST (donghao2024_moderntcn)
Weather,336,0.245,0.282,PatchTST,donghao2024_moderntcn,PatchTST (donghao2024_moderntcn)
Weather,720,0.314,0.334,PatchTST,donghao2024_moderntcn,PatchTST (donghao2024_moderntcn)
Weather,Avg,0.226,0.264,PatchTST,donghao2024_moderntcn,PatchTST (donghao2024_moderntcn)
Traffic,96,0.36,0.249,PatchTST,donghao2024_moderntcn,PatchTST (donghao2024_moderntcn)
Traffic,192,0.379,0.256,PatchTST,donghao2024_moderntcn,PatchTST (donghao2024_moderntcn)
Traffic,336,0.392,0.264,PatchTST,donghao2024_moderntcn,PatchTST (donghao2024_moderntcn)
Traffic,720,0.432,0.286,PatchTST,donghao2024_moderntcn,PatchTST (donghao2024_moderntcn)
Traffic,Avg,0.391,0.264,PatchTST,donghao2024_moderntcn,PatchTST (donghao2024_moderntcn)
Exchange,96,0.093,0.214,PatchTST,donghao2024_moderntcn,PatchTST (donghao2024_moderntcn)
Exchange,192,0.192,0.312,PatchTST,donghao2024_moderntcn,PatchTST (donghao2024_moderntcn)
Exchange,336,0.35,0.432,PatchTST,donghao2024_moderntcn,PatchTST (donghao2024_moderntcn)
Exchange,720,0.911,0.716,PatchTST,donghao2024_moderntcn,PatchTST (donghao2024_moderntcn)
Exchange,Avg,0.387,0.419,PatchTST,donghao2024_moderntcn,PatchTST (donghao2024_moderntcn)
ILI,24,1.319,0.754,PatchTST,donghao2024_moderntcn,PatchTST (donghao2024_moderntcn)
ILI,36,1.43,0.834,PatchTST,donghao2024_moderntcn,PatchTST (donghao2024_moderntcn)
ILI,48,1.553,0.815,PatchTST,donghao2024_moderntcn,PatchTST (donghao2024_moderntcn)
ILI,60,1.47,0.788,PatchTST,donghao2024_moderntcn,PatchTST (donghao2024_moderntcn)
ILI,Avg,1.443,0.798,PatchTST,donghao2024_moderntcn,PatchTST (donghao2024_moderntcn)
Solar-Energy,96,,,PatchTST,donghao2024_moderntcn,PatchTST (donghao2024_moderntcn)
Solar-Energy,192,,,PatchTST,donghao2024_moderntcn,PatchTST (donghao2024_moderntcn)
Solar-Energy,336,,,PatchTST,donghao2024_moderntcn,PatchTST (donghao2024_moderntcn)
Solar-Energy,720,,,PatchTST,donghao2024_moderntcn,PatchTST (donghao2024_moderntcn)
Solar-Energy,Avg,,,PatchTST,donghao2024_moderntcn,PatchTST (donghao2024_moderntcn)
ETTm1,96,0.293,0.346,PatchTST/64 ,nie2023_patchtst,PatchTST/64  (nie2023_patchtst)
ETTm1,192,0.333,0.37,PatchTST/64 ,nie2023_patchtst,PatchTST/64  (nie2023_patchtst)
ETTm1,336,0.369,0.392,PatchTST/64 ,nie2023_patchtst,PatchTST/64  (nie2023_patchtst)
ETTm1,720,0.416,0.42,PatchTST/64 ,nie2023_patchtst,PatchTST/64  (nie2023_patchtst)
ETTm1,Avg,0.35275,0.382,PatchTST/64 ,nie2023_patchtst,PatchTST/64  (nie2023_patchtst)
ETTm2,96,0.166,0.256,PatchTST/64 ,nie2023_patchtst,PatchTST/64  (nie2023_patchtst)
ETTm2,192,0.223,0.296,PatchTST/64 ,nie2023_patchtst,PatchTST/64  (nie2023_patchtst)
ETTm2,336,0.274,0.329,PatchTST/64 ,nie2023_patchtst,PatchTST/64  (nie2023_patchtst)
ETTm2,720,0.362,0.385,PatchTST/64 ,nie2023_patchtst,PatchTST/64  (nie2023_patchtst)
ETTm2,Avg,0.25625,0.3165,PatchTST/64 ,nie2023_patchtst,PatchTST/64  (nie2023_patchtst)
ETTh1,96,0.37,0.4,PatchTST/64 ,nie2023_patchtst,PatchTST/64  (nie2023_patchtst)
ETTh1,192,0.413,0.429,PatchTST/64 ,nie2023_patchtst,PatchTST/64  (nie2023_patchtst)
ETTh1,336,0.422,0.44,PatchTST/64 ,nie2023_patchtst,PatchTST/64  (nie2023_patchtst)
ETTh1,720,0.447,0.468,PatchTST/64 ,nie2023_patchtst,PatchTST/64  (nie2023_patchtst)
ETTh1,Avg,0.413,0.43424999999999997,PatchTST/64 ,nie2023_patchtst,PatchTST/64  (nie2023_patchtst)
ETTh2,96,0.274,0.337,PatchTST/64 ,nie2023_patchtst,PatchTST/64  (nie2023_patchtst)
ETTh2,192,0.341,0.382,PatchTST/64 ,nie2023_patchtst,PatchTST/64  (nie2023_patchtst)
ETTh2,336,0.329,0.384,PatchTST/64 ,nie2023_patchtst,PatchTST/64  (nie2023_patchtst)
ETTh2,720,0.379,0.422,PatchTST/64 ,nie2023_patchtst,PatchTST/64  (nie2023_patchtst)
ETTh2,Avg,0.33075,0.38125000000000003,PatchTST/64 ,nie2023_patchtst,PatchTST/64  (nie2023_patchtst)
Electricity,96,0.129,0.222,PatchTST/64 ,nie2023_patchtst,PatchTST/64  (nie2023_patchtst)
Electricity,192,0.147,0.24,PatchTST/64 ,nie2023_patchtst,PatchTST/64  (nie2023_patchtst)
Electricity,336,0.163,0.259,PatchTST/64 ,nie2023_patchtst,PatchTST/64  (nie2023_patchtst)
Electricity,720,0.197,0.29,PatchTST/64 ,nie2023_patchtst,PatchTST/64  (nie2023_patchtst)
Electricity,Avg,0.15900000000000003,0.25275,PatchTST/64 ,nie2023_patchtst,PatchTST/64  (nie2023_patchtst)
Weather,96,0.149,0.198,PatchTST/64 ,nie2023_patchtst,PatchTST/64  (nie2023_patchtst)
Weather,192,0.194,0.241,PatchTST/64 ,nie2023_patchtst,PatchTST/64  (nie2023_patchtst)
Weather,336,0.245,0.282,PatchTST/64 ,nie2023_patchtst,PatchTST/64  (nie2023_patchtst)
Weather,720,0.314,0.334,PatchTST/64 ,nie2023_patchtst,PatchTST/64  (nie2023_patchtst)
Weather,Avg,0.22549999999999998,0.26375,PatchTST/64 ,nie2023_patchtst,PatchTST/64  (nie2023_patchtst)
Traffic,96,0.36,0.249,PatchTST/64 ,nie2023_patchtst,PatchTST/64  (nie2023_patchtst)
Traffic,192,0.379,0.256,PatchTST/64 ,nie2023_patchtst,PatchTST/64  (nie2023_patchtst)
Traffic,336,0.392,0.264,PatchTST/64 ,nie2023_patchtst,PatchTST/64  (nie2023_patchtst)
Traffic,720,0.432,0.286,PatchTST/64 ,nie2023_patchtst,PatchTST/64  (nie2023_patchtst)
Traffic,Avg,0.39075,0.26375,PatchTST/64 ,nie2023_patchtst,PatchTST/64  (nie2023_patchtst)
Exchange,96,,,PatchTST/64 ,nie2023_patchtst,PatchTST/64  (nie2023_patchtst)
Exchange,192,,,PatchTST/64 ,nie2023_patchtst,PatchTST/64  (nie2023_patchtst)
Exchange,336,,,PatchTST/64 ,nie2023_patchtst,PatchTST/64  (nie2023_patchtst)
Exchange,720,,,PatchTST/64 ,nie2023_patchtst,PatchTST/64  (nie2023_patchtst)
Exchange,Avg,,,PatchTST/64 ,nie2023_patchtst,PatchTST/64  (nie2023_patchtst)
ILI,24,1.319,0.754,PatchTST/64 ,nie2023_patchtst,PatchTST/64  (nie2023_patchtst)
ILI,36,1.579,0.87,PatchTST/64 ,nie2023_patchtst,PatchTST/64  (nie2023_patchtst)
ILI,48,1.553,0.815,PatchTST/64 ,nie2023_patchtst,PatchTST/64  (nie2023_patchtst)
ILI,60,1.47,0.788,PatchTST/64 ,nie2023_patchtst,PatchTST/64  (nie2023_patchtst)
ILI,Avg,1.4802499999999998,0.8067500000000001,PatchTST/64 ,nie2023_patchtst,PatchTST/64  (nie2023_patchtst)
Solar-Energy,96,,,PatchTST/64 ,nie2023_patchtst,PatchTST/64  (nie2023_patchtst)
Solar-Energy,192,,,PatchTST/64 ,nie2023_patchtst,PatchTST/64  (nie2023_patchtst)
Solar-Energy,336,,,PatchTST/64 ,nie2023_patchtst,PatchTST/64  (nie2023_patchtst)
Solar-Energy,720,,,PatchTST/64 ,nie2023_patchtst,PatchTST/64  (nie2023_patchtst)
Solar-Energy,Avg,,,PatchTST/64 ,nie2023_patchtst,PatchTST/64  (nie2023_patchtst)
ETTm1,96,0.29,0.342,PatchTST/42,nie2023_patchtst,PatchTST/42 (nie2023_patchtst)
ETTm1,192,0.332,0.369,PatchTST/42,nie2023_patchtst,PatchTST/42 (nie2023_patchtst)
ETTm1,336,0.366,0.392,PatchTST/42,nie2023_patchtst,PatchTST/42 (nie2023_patchtst)
ETTm1,720,0.42,0.424,PatchTST/42,nie2023_patchtst,PatchTST/42 (nie2023_patchtst)
ETTm1,Avg,0.352,0.38175000000000003,PatchTST/42,nie2023_patchtst,PatchTST/42 (nie2023_patchtst)
ETTm2,96,0.165,0.255,PatchTST/42,nie2023_patchtst,PatchTST/42 (nie2023_patchtst)
ETTm2,192,0.22,0.292,PatchTST/42,nie2023_patchtst,PatchTST/42 (nie2023_patchtst)
ETTm2,336,0.278,0.329,PatchTST/42,nie2023_patchtst,PatchTST/42 (nie2023_patchtst)
ETTm2,720,0.367,0.385,PatchTST/42,nie2023_patchtst,PatchTST/42 (nie2023_patchtst)
ETTm2,Avg,0.2575,0.31525,PatchTST/42,nie2023_patchtst,PatchTST/42 (nie2023_patchtst)
ETTh1,96,0.375,0.399,PatchTST/42,nie2023_patchtst,PatchTST/42 (nie2023_patchtst)
ETTh1,192,0.414,0.421,PatchTST/42,nie2023_patchtst,PatchTST/42 (nie2023_patchtst)
ETTh1,336,0.431,0.436,PatchTST/42,nie2023_patchtst,PatchTST/42 (nie2023_patchtst)
ETTh1,720,0.449,0.466,PatchTST/42,nie2023_patchtst,PatchTST/42 (nie2023_patchtst)
ETTh1,Avg,0.41725,0.4305,PatchTST/42,nie2023_patchtst,PatchTST/42 (nie2023_patchtst)
ETTh2,96,0.274,0.336,PatchTST/42,nie2023_patchtst,PatchTST/42 (nie2023_patchtst)
ETTh2,192,0.339,0.379,PatchTST/42,nie2023_patchtst,PatchTST/42 (nie2023_patchtst)
ETTh2,336,0.331,0.38,PatchTST/42,nie2023_patchtst,PatchTST/42 (nie2023_patchtst)
ETTh2,720,0.379,0.422,PatchTST/42,nie2023_patchtst,PatchTST/42 (nie2023_patchtst)
ETTh2,Avg,0.33075,0.37925000000000003,PatchTST/42,nie2023_patchtst,PatchTST/42 (nie2023_patchtst)
Electricity,96,0.13,0.222,PatchTST/42,nie2023_patchtst,PatchTST/42 (nie2023_patchtst)
Electricity,192,0.148,0.24,PatchTST/42,nie2023_patchtst,PatchTST/42 (nie2023_patchtst)
Electricity,336,0.167,0.261,PatchTST/42,nie2023_patchtst,PatchTST/42 (nie2023_patchtst)
Electricity,720,0.202,0.291,PatchTST/42,nie2023_patchtst,PatchTST/42 (nie2023_patchtst)
Electricity,Avg,0.16175,0.2535,PatchTST/42,nie2023_patchtst,PatchTST/42 (nie2023_patchtst)
Weather,96,0.152,0.199,PatchTST/42,nie2023_patchtst,PatchTST/42 (nie2023_patchtst)
Weather,192,0.197,0.243,PatchTST/42,nie2023_patchtst,PatchTST/42 (nie2023_patchtst)
Weather,336,0.249,0.283,PatchTST/42,nie2023_patchtst,PatchTST/42 (nie2023_patchtst)
Weather,720,0.32,0.335,PatchTST/42,nie2023_patchtst,PatchTST/42 (nie2023_patchtst)
Weather,Avg,0.22949999999999998,0.265,PatchTST/42,nie2023_patchtst,PatchTST/42 (nie2023_patchtst)
Traffic,96,0.367,0.251,PatchTST/42,nie2023_patchtst,PatchTST/42 (nie2023_patchtst)
Traffic,192,0.385,0.259,PatchTST/42,nie2023_patchtst,PatchTST/42 (nie2023_patchtst)
Traffic,336,0.398,0.265,PatchTST/42,nie2023_patchtst,PatchTST/42 (nie2023_patchtst)
Traffic,720,0.434,0.287,PatchTST/42,nie2023_patchtst,PatchTST/42 (nie2023_patchtst)
Traffic,Avg,0.39599999999999996,0.2655,PatchTST/42,nie2023_patchtst,PatchTST/42 (nie2023_patchtst)
Exchange,96,,,PatchTST/42,nie2023_patchtst,PatchTST/42 (nie2023_patchtst)
Exchange,192,,,PatchTST/42,nie2023_patchtst,PatchTST/42 (nie2023_patchtst)
Exchange,336,,,PatchTST/42,nie2023_patchtst,PatchTST/42 (nie2023_patchtst)
Exchange,720,,,PatchTST/42,nie2023_patchtst,PatchTST/42 (nie2023_patchtst)
Exchange,Avg,,,PatchTST/42,nie2023_patchtst,PatchTST/42 (nie2023_patchtst)
ILI,24,1.522,0.814,PatchTST/42,nie2023_patchtst,PatchTST/42 (nie2023_patchtst)
ILI,36,1.43,0.834,PatchTST/42,nie2023_patchtst,PatchTST/42 (nie2023_patchtst)
ILI,48,1.673,0.854,PatchTST/42,nie2023_patchtst,PatchTST/42 (nie2023_patchtst)
ILI,60,1.529,0.862,PatchTST/42,nie2023_patchtst,PatchTST/42 (nie2023_patchtst)
ILI,Avg,1.5385,0.841,PatchTST/42,nie2023_patchtst,PatchTST/42 (nie2023_patchtst)
Solar-Energy,96,,,PatchTST/42,nie2023_patchtst,PatchTST/42 (nie2023_patchtst)
Solar-Energy,192,,,PatchTST/42,nie2023_patchtst,PatchTST/42 (nie2023_patchtst)
Solar-Energy,336,,,PatchTST/42,nie2023_patchtst,PatchTST/42 (nie2023_patchtst)
Solar-Energy,720,,,PatchTST/42,nie2023_patchtst,PatchTST/42 (nie2023_patchtst)
Solar-Energy,Avg,,,PatchTST/42,nie2023_patchtst,PatchTST/42 (nie2023_patchtst)
ETTm1,96,0.299,0.343,Dlinear,nie2023_patchtst,Dlinear (nie2023_patchtst)
ETTm1,192,0.335,0.365,Dlinear,nie2023_patchtst,Dlinear (nie2023_patchtst)
ETTm1,336,0.369,0.386,Dlinear,nie2023_patchtst,Dlinear (nie2023_patchtst)
ETTm1,720,0.425,0.421,Dlinear,nie2023_patchtst,Dlinear (nie2023_patchtst)
ETTm1,Avg,0.35700000000000004,0.37875,Dlinear,nie2023_patchtst,Dlinear (nie2023_patchtst)
ETTm2,96,0.167,0.26,Dlinear,nie2023_patchtst,Dlinear (nie2023_patchtst)
ETTm2,192,0.224,0.303,Dlinear,nie2023_patchtst,Dlinear (nie2023_patchtst)
ETTm2,336,0.281,0.342,Dlinear,nie2023_patchtst,Dlinear (nie2023_patchtst)
ETTm2,720,0.397,0.421,Dlinear,nie2023_patchtst,Dlinear (nie2023_patchtst)
ETTm2,Avg,0.26725,0.3315,Dlinear,nie2023_patchtst,Dlinear (nie2023_patchtst)
ETTh1,96,0.375,0.399,Dlinear,nie2023_patchtst,Dlinear (nie2023_patchtst)
ETTh1,192,0.405,0.416,Dlinear,nie2023_patchtst,Dlinear (nie2023_patchtst)
ETTh1,336,0.439,0.443,Dlinear,nie2023_patchtst,Dlinear (nie2023_patchtst)
ETTh1,720,0.472,0.49,Dlinear,nie2023_patchtst,Dlinear (nie2023_patchtst)
ETTh1,Avg,0.42275,0.437,Dlinear,nie2023_patchtst,Dlinear (nie2023_patchtst)
ETTh2,96,0.289,0.353,Dlinear,nie2023_patchtst,Dlinear (nie2023_patchtst)
ETTh2,192,0.383,0.418,Dlinear,nie2023_patchtst,Dlinear (nie2023_patchtst)
ETTh2,336,0.448,0.465,Dlinear,nie2023_patchtst,Dlinear (nie2023_patchtst)
ETTh2,720,0.605,0.551,Dlinear,nie2023_patchtst,Dlinear (nie2023_patchtst)
ETTh2,Avg,0.43124999999999997,0.44675,Dlinear,nie2023_patchtst,Dlinear (nie2023_patchtst)
Electricity,96,0.14,0.237,Dlinear,nie2023_patchtst,Dlinear (nie2023_patchtst)
Electricity,192,0.153,0.249,Dlinear,nie2023_patchtst,Dlinear (nie2023_patchtst)
Electricity,336,0.169,0.267,Dlinear,nie2023_patchtst,Dlinear (nie2023_patchtst)
Electricity,720,0.203,0.301,Dlinear,nie2023_patchtst,Dlinear (nie2023_patchtst)
Electricity,Avg,0.16625,0.2635,Dlinear,nie2023_patchtst,Dlinear (nie2023_patchtst)
Weather,96,0.176,0.237,Dlinear,nie2023_patchtst,Dlinear (nie2023_patchtst)
Weather,192,0.22,0.282,Dlinear,nie2023_patchtst,Dlinear (nie2023_patchtst)
Weather,336,0.265,0.319,Dlinear,nie2023_patchtst,Dlinear (nie2023_patchtst)
Weather,720,0.323,0.362,Dlinear,nie2023_patchtst,Dlinear (nie2023_patchtst)
Weather,Avg,0.246,0.29999999999999993,Dlinear,nie2023_patchtst,Dlinear (nie2023_patchtst)
Traffic,96,0.41,0.282,Dlinear,nie2023_patchtst,Dlinear (nie2023_patchtst)
Traffic,192,0.423,0.287,Dlinear,nie2023_patchtst,Dlinear (nie2023_patchtst)
Traffic,336,0.436,0.296,Dlinear,nie2023_patchtst,Dlinear (nie2023_patchtst)
Traffic,720,0.466,0.315,Dlinear,nie2023_patchtst,Dlinear (nie2023_patchtst)
Traffic,Avg,0.43374999999999997,0.295,Dlinear,nie2023_patchtst,Dlinear (nie2023_patchtst)
Exchange,96,,,Dlinear,nie2023_patchtst,Dlinear (nie2023_patchtst)
Exchange,192,,,Dlinear,nie2023_patchtst,Dlinear (nie2023_patchtst)
Exchange,336,,,Dlinear,nie2023_patchtst,Dlinear (nie2023_patchtst)
Exchange,720,,,Dlinear,nie2023_patchtst,Dlinear (nie2023_patchtst)
Exchange,Avg,,,Dlinear,nie2023_patchtst,Dlinear (nie2023_patchtst)
ILI,24,2.215,1.081,Dlinear,nie2023_patchtst,Dlinear (nie2023_patchtst)
ILI,36,1.963,0.963,Dlinear,nie2023_patchtst,Dlinear (nie2023_patchtst)
ILI,48,2.13,1.024,Dlinear,nie2023_patchtst,Dlinear (nie2023_patchtst)
ILI,60,2.368,1.096,Dlinear,nie2023_patchtst,Dlinear (nie2023_patchtst)
ILI,Avg,,,Dlinear,nie2023_patchtst,Dlinear (nie2023_patchtst)
Solar-Energy,96,,,Dlinear,nie2023_patchtst,Dlinear (nie2023_patchtst)
Solar-Energy,192,,,Dlinear,nie2023_patchtst,Dlinear (nie2023_patchtst)
Solar-Energy,336,,,Dlinear,nie2023_patchtst,Dlinear (nie2023_patchtst)
Solar-Energy,720,,,Dlinear,nie2023_patchtst,Dlinear (nie2023_patchtst)
Solar-Energy,Avg,,,Dlinear,nie2023_patchtst,Dlinear (nie2023_patchtst)
ETTm1,96,0.334,0.368,iTransformer,liu2024_itransformer,iTransformer (liu2024_itransformer)
ETTm1,192,0.377,0.391,iTransformer,liu2024_itransformer,iTransformer (liu2024_itransformer)
ETTm1,336,0.426,0.42,iTransformer,liu2024_itransformer,iTransformer (liu2024_itransformer)
ETTm1,720,0.491,0.459,iTransformer,liu2024_itransformer,iTransformer (liu2024_itransformer)
ETTm1,Avg,0.407,0.41,iTransformer,liu2024_itransformer,iTransformer (liu2024_itransformer)
ETTm2,96,0.18,0.264,iTransformer,liu2024_itransformer,iTransformer (liu2024_itransformer)
ETTm2,192,0.25,0.309,iTransformer,liu2024_itransformer,iTransformer (liu2024_itransformer)
ETTm2,336,0.311,0.348,iTransformer,liu2024_itransformer,iTransformer (liu2024_itransformer)
ETTm2,720,0.412,0.407,iTransformer,liu2024_itransformer,iTransformer (liu2024_itransformer)
ETTm2,Avg,0.288,0.332,iTransformer,liu2024_itransformer,iTransformer (liu2024_itransformer)
ETTh1,96,0.386,0.405,iTransformer,liu2024_itransformer,iTransformer (liu2024_itransformer)
ETTh1,192,0.441,0.436,iTransformer,liu2024_itransformer,iTransformer (liu2024_itransformer)
ETTh1,336,0.487,0.458,iTransformer,liu2024_itransformer,iTransformer (liu2024_itransformer)
ETTh1,720,0.503,0.491,iTransformer,liu2024_itransformer,iTransformer (liu2024_itransformer)
ETTh1,Avg,0.454,0.447,iTransformer,liu2024_itransformer,iTransformer (liu2024_itransformer)
ETTh2,96,0.297,0.349,iTransformer,liu2024_itransformer,iTransformer (liu2024_itransformer)
ETTh2,192,0.38,0.4,iTransformer,liu2024_itransformer,iTransformer (liu2024_itransformer)
ETTh2,336,0.428,0.432,iTransformer,liu2024_itransformer,iTransformer (liu2024_itransformer)
ETTh2,720,0.427,0.445,iTransformer,liu2024_itransformer,iTransformer (liu2024_itransformer)
ETTh2,Avg,0.383,0.407,iTransformer,liu2024_itransformer,iTransformer (liu2024_itransformer)
Electricity,96,0.148,0.24,iTransformer,liu2024_itransformer,iTransformer (liu2024_itransformer)
Electricity,192,0.162,0.253,iTransformer,liu2024_itransformer,iTransformer (liu2024_itransformer)
Electricity,336,0.178,0.269,iTransformer,liu2024_itransformer,iTransformer (liu2024_itransformer)
Electricity,720,0.225,0.317,iTransformer,liu2024_itransformer,iTransformer (liu2024_itransformer)
Electricity,Avg,0.178,0.27,iTransformer,liu2024_itransformer,iTransformer (liu2024_itransformer)
Weather,96,0.174,0.214,iTransformer,liu2024_itransformer,iTransformer (liu2024_itransformer)
Weather,192,0.221,0.254,iTransformer,liu2024_itransformer,iTransformer (liu2024_itransformer)
Weather,336,0.278,0.296,iTransformer,liu2024_itransformer,iTransformer (liu2024_itransformer)
Weather,720,0.358,0.347,iTransformer,liu2024_itransformer,iTransformer (liu2024_itransformer)
Weather,Avg,0.258,0.278,iTransformer,liu2024_itransformer,iTransformer (liu2024_itransformer)
Traffic,96,0.395,0.268,iTransformer,liu2024_itransformer,iTransformer (liu2024_itransformer)
Traffic,192,0.417,0.276,iTransformer,liu2024_itransformer,iTransformer (liu2024_itransformer)
Traffic,336,0.433,0.283,iTransformer,liu2024_itransformer,iTransformer (liu2024_itransformer)
Traffic,720,0.467,0.302,iTransformer,liu2024_itransformer,iTransformer (liu2024_itransformer)
Traffic,Avg,0.428,0.282,iTransformer,liu2024_itransformer,iTransformer (liu2024_itransformer)
Exchange,96,0.086,0.206,iTransformer,liu2024_itransformer,iTransformer (liu2024_itransformer)
Exchange,192,0.177,0.299,iTransformer,liu2024_itransformer,iTransformer (liu2024_itransformer)
Exchange,336,0.331,0.417,iTransformer,liu2024_itransformer,iTransformer (liu2024_itransformer)
Exchange,720,0.847,0.691,iTransformer,liu2024_itransformer,iTransformer (liu2024_itransformer)
Exchange,Avg,0.36,0.403,iTransformer,liu2024_itransformer,iTransformer (liu2024_itransformer)
ILI,24,,,iTransformer,liu2024_itransformer,iTransformer (liu2024_itransformer)
ILI,36,,,iTransformer,liu2024_itransformer,iTransformer (liu2024_itransformer)
ILI,48,,,iTransformer,liu2024_itransformer,iTransformer (liu2024_itransformer)
ILI,60,,,iTransformer,liu2024_itransformer,iTransformer (liu2024_itransformer)
ILI,Avg,,,iTransformer,liu2024_itransformer,iTransformer (liu2024_itransformer)
Solar-Energy,96,0.203,0.237,iTransformer,liu2024_itransformer,iTransformer (liu2024_itransformer)
Solar-Energy,192,0.233,0.261,iTransformer,liu2024_itransformer,iTransformer (liu2024_itransformer)
Solar-Energy,336,0.248,0.273,iTransformer,liu2024_itransformer,iTransformer (liu2024_itransformer)
Solar-Energy,720,0.249,0.275,iTransformer,liu2024_itransformer,iTransformer (liu2024_itransformer)
Solar-Energy,Avg,0.233,0.262,iTransformer,liu2024_itransformer,iTransformer (liu2024_itransformer)
ETTm1,96,0.329,0.367,PatchTST,liu2024_itransformer,PatchTST (liu2024_itransformer)
ETTm1,192,0.367,0.385,PatchTST,liu2024_itransformer,PatchTST (liu2024_itransformer)
ETTm1,336,0.399,0.41,PatchTST,liu2024_itransformer,PatchTST (liu2024_itransformer)
ETTm1,720,0.454,0.439,PatchTST,liu2024_itransformer,PatchTST (liu2024_itransformer)
ETTm1,Avg,0.387,0.4,PatchTST,liu2024_itransformer,PatchTST (liu2024_itransformer)
ETTm2,96,0.175,0.259,PatchTST,liu2024_itransformer,PatchTST (liu2024_itransformer)
ETTm2,192,0.241,0.302,PatchTST,liu2024_itransformer,PatchTST (liu2024_itransformer)
ETTm2,336,0.305,0.343,PatchTST,liu2024_itransformer,PatchTST (liu2024_itransformer)
ETTm2,720,0.402,0.4,PatchTST,liu2024_itransformer,PatchTST (liu2024_itransformer)
ETTm2,Avg,0.281,0.326,PatchTST,liu2024_itransformer,PatchTST (liu2024_itransformer)
ETTh1,96,0.414,0.419,PatchTST,liu2024_itransformer,PatchTST (liu2024_itransformer)
ETTh1,192,0.46,0.445,PatchTST,liu2024_itransformer,PatchTST (liu2024_itransformer)
ETTh1,336,0.501,0.466,PatchTST,liu2024_itransformer,PatchTST (liu2024_itransformer)
ETTh1,720,0.5,0.488,PatchTST,liu2024_itransformer,PatchTST (liu2024_itransformer)
ETTh1,Avg,0.469,0.454,PatchTST,liu2024_itransformer,PatchTST (liu2024_itransformer)
ETTh2,96,0.302,0.348,PatchTST,liu2024_itransformer,PatchTST (liu2024_itransformer)
ETTh2,192,0.388,0.4,PatchTST,liu2024_itransformer,PatchTST (liu2024_itransformer)
ETTh2,336,0.426,0.433,PatchTST,liu2024_itransformer,PatchTST (liu2024_itransformer)
ETTh2,720,0.431,0.446,PatchTST,liu2024_itransformer,PatchTST (liu2024_itransformer)
ETTh2,Avg,0.387,0.407,PatchTST,liu2024_itransformer,PatchTST (liu2024_itransformer)
Electricity,96,0.181,0.27,PatchTST,liu2024_itransformer,PatchTST (liu2024_itransformer)
Electricity,192,0.188,0.274,PatchTST,liu2024_itransformer,PatchTST (liu2024_itransformer)
Electricity,336,0.204,0.293,PatchTST,liu2024_itransformer,PatchTST (liu2024_itransformer)
Electricity,720,0.246,0.324,PatchTST,liu2024_itransformer,PatchTST (liu2024_itransformer)
Electricity,Avg,0.205,0.29,PatchTST,liu2024_itransformer,PatchTST (liu2024_itransformer)
Weather,96,0.177,0.218,PatchTST,liu2024_itransformer,PatchTST (liu2024_itransformer)
Weather,192,0.225,0.259,PatchTST,liu2024_itransformer,PatchTST (liu2024_itransformer)
Weather,336,0.278,0.297,PatchTST,liu2024_itransformer,PatchTST (liu2024_itransformer)
Weather,720,0.354,0.348,PatchTST,liu2024_itransformer,PatchTST (liu2024_itransformer)
Weather,Avg,0.259,0.281,PatchTST,liu2024_itransformer,PatchTST (liu2024_itransformer)
Traffic,96,0.462,0.295,PatchTST,liu2024_itransformer,PatchTST (liu2024_itransformer)
Traffic,192,0.466,0.296,PatchTST,liu2024_itransformer,PatchTST (liu2024_itransformer)
Traffic,336,0.482,0.304,PatchTST,liu2024_itransformer,PatchTST (liu2024_itransformer)
Traffic,720,0.514,0.322,PatchTST,liu2024_itransformer,PatchTST (liu2024_itransformer)
Traffic,Avg,0.481,0.304,PatchTST,liu2024_itransformer,PatchTST (liu2024_itransformer)
Exchange,96,0.088,0.205,PatchTST,liu2024_itransformer,PatchTST (liu2024_itransformer)
Exchange,192,0.176,0.299,PatchTST,liu2024_itransformer,PatchTST (liu2024_itransformer)
Exchange,336,0.301,0.397,PatchTST,liu2024_itransformer,PatchTST (liu2024_itransformer)
Exchange,720,0.901,0.714,PatchTST,liu2024_itransformer,PatchTST (liu2024_itransformer)
Exchange,Avg,0.367,0.404,PatchTST,liu2024_itransformer,PatchTST (liu2024_itransformer)
ILI,24,,,PatchTST,liu2024_itransformer,PatchTST (liu2024_itransformer)
ILI,36,,,PatchTST,liu2024_itransformer,PatchTST (liu2024_itransformer)
ILI,48,,,PatchTST,liu2024_itransformer,PatchTST (liu2024_itransformer)
ILI,60,,,PatchTST,liu2024_itransformer,PatchTST (liu2024_itransformer)
ILI,Avg,,,PatchTST,liu2024_itransformer,PatchTST (liu2024_itransformer)
Solar-Energy,96,0.234,0.286,PatchTST,liu2024_itransformer,PatchTST (liu2024_itransformer)
Solar-Energy,192,0.267,0.31,PatchTST,liu2024_itransformer,PatchTST (liu2024_itransformer)
Solar-Energy,336,0.29,0.315,PatchTST,liu2024_itransformer,PatchTST (liu2024_itransformer)
Solar-Energy,720,0.289,0.317,PatchTST,liu2024_itransformer,PatchTST (liu2024_itransformer)
Solar-Energy,Avg,0.27,0.307,PatchTST,liu2024_itransformer,PatchTST (liu2024_itransformer)
ETTm1,96,0.339,0.377,PatchTST,huang2023_crossgnn,PatchTST (huang2023_crossgnn)
ETTm1,192,0.376,0.392,PatchTST,huang2023_crossgnn,PatchTST (huang2023_crossgnn)
ETTm1,336,0.408,0.417,PatchTST,huang2023_crossgnn,PatchTST (huang2023_crossgnn)
ETTm1,720,0.499,0.461,PatchTST,huang2023_crossgnn,PatchTST (huang2023_crossgnn)
ETTm1,Avg,0.40549999999999997,0.41175,PatchTST,huang2023_crossgnn,PatchTST (huang2023_crossgnn)
ETTm2,96,0.192,0.273,PatchTST,huang2023_crossgnn,PatchTST (huang2023_crossgnn)
ETTm2,192,0.252,0.314,PatchTST,huang2023_crossgnn,PatchTST (huang2023_crossgnn)
ETTm2,336,0.318,0.357,PatchTST,huang2023_crossgnn,PatchTST (huang2023_crossgnn)
ETTm2,720,0.413,0.416,PatchTST,huang2023_crossgnn,PatchTST (huang2023_crossgnn)
ETTm2,Avg,0.29375,0.33999999999999997,PatchTST,huang2023_crossgnn,PatchTST (huang2023_crossgnn)
ETTh1,96,0.385,0.408,PatchTST,huang2023_crossgnn,PatchTST (huang2023_crossgnn)
ETTh1,192,0.431,0.432,PatchTST,huang2023_crossgnn,PatchTST (huang2023_crossgnn)
ETTh1,336,0.485,0.462,PatchTST,huang2023_crossgnn,PatchTST (huang2023_crossgnn)
ETTh1,720,0.497,0.483,PatchTST,huang2023_crossgnn,PatchTST (huang2023_crossgnn)
ETTh1,Avg,0.4495,0.44625000000000004,PatchTST,huang2023_crossgnn,PatchTST (huang2023_crossgnn)
ETTh2,96,0.343,0.376,PatchTST,huang2023_crossgnn,PatchTST (huang2023_crossgnn)
ETTh2,192,0.405,0.417,PatchTST,huang2023_crossgnn,PatchTST (huang2023_crossgnn)
ETTh2,336,0.448,0.453,PatchTST,huang2023_crossgnn,PatchTST (huang2023_crossgnn)
ETTh2,720,0.464,0.483,PatchTST,huang2023_crossgnn,PatchTST (huang2023_crossgnn)
ETTh2,Avg,0.415,0.43225,PatchTST,huang2023_crossgnn,PatchTST (huang2023_crossgnn)
Electricity,96,0.159,0.268,PatchTST,huang2023_crossgnn,PatchTST (huang2023_crossgnn)
Electricity,192,0.177,0.278,PatchTST,huang2023_crossgnn,PatchTST (huang2023_crossgnn)
Electricity,336,0.195,0.296,PatchTST,huang2023_crossgnn,PatchTST (huang2023_crossgnn)
Electricity,720,0.215,0.317,PatchTST,huang2023_crossgnn,PatchTST (huang2023_crossgnn)
Electricity,Avg,0.18649999999999997,0.28975,PatchTST,huang2023_crossgnn,PatchTST (huang2023_crossgnn)
Weather,96,0.171,0.23,PatchTST,huang2023_crossgnn,PatchTST (huang2023_crossgnn)
Weather,192,0.219,0.271,PatchTST,huang2023_crossgnn,PatchTST (huang2023_crossgnn)
Weather,336,0.277,0.321,PatchTST,huang2023_crossgnn,PatchTST (huang2023_crossgnn)
Weather,720,0.365,0.367,PatchTST,huang2023_crossgnn,PatchTST (huang2023_crossgnn)
Weather,Avg,0.258,0.29725,PatchTST,huang2023_crossgnn,PatchTST (huang2023_crossgnn)
Traffic,96,0.583,0.319,PatchTST,huang2023_crossgnn,PatchTST (huang2023_crossgnn)
Traffic,192,0.591,0.331,PatchTST,huang2023_crossgnn,PatchTST (huang2023_crossgnn)
Traffic,336,0.599,0.332,PatchTST,huang2023_crossgnn,PatchTST (huang2023_crossgnn)
Traffic,720,0.601,0.341,PatchTST,huang2023_crossgnn,PatchTST (huang2023_crossgnn)
Traffic,Avg,0.5934999999999999,0.33075,PatchTST,huang2023_crossgnn,PatchTST (huang2023_crossgnn)
Exchange,96,0.108,0.223,PatchTST,huang2023_crossgnn,PatchTST (huang2023_crossgnn)
Exchange,192,0.197,0.316,PatchTST,huang2023_crossgnn,PatchTST (huang2023_crossgnn)
Exchange,336,0.375,0.429,PatchTST,huang2023_crossgnn,PatchTST (huang2023_crossgnn)
Exchange,720,0.934,0.773,PatchTST,huang2023_crossgnn,PatchTST (huang2023_crossgnn)
Exchange,Avg,0.40349999999999997,0.43525,PatchTST,huang2023_crossgnn,PatchTST (huang2023_crossgnn)
ILI,24,,,PatchTST,huang2023_crossgnn,PatchTST (huang2023_crossgnn)
ILI,36,,,PatchTST,huang2023_crossgnn,PatchTST (huang2023_crossgnn)
ILI,48,,,PatchTST,huang2023_crossgnn,PatchTST (huang2023_crossgnn)
ILI,60,,,PatchTST,huang2023_crossgnn,PatchTST (huang2023_crossgnn)
ILI,Avg,,,PatchTST,huang2023_crossgnn,PatchTST (huang2023_crossgnn)
Solar-Energy,96,,,PatchTST,huang2023_crossgnn,PatchTST (huang2023_crossgnn)
Solar-Energy,192,,,PatchTST,huang2023_crossgnn,PatchTST (huang2023_crossgnn)
Solar-Energy,336,,,PatchTST,huang2023_crossgnn,PatchTST (huang2023_crossgnn)
Solar-Energy,720,,,PatchTST,huang2023_crossgnn,PatchTST (huang2023_crossgnn)
Solar-Energy,Avg,,,PatchTST,huang2023_crossgnn,PatchTST (huang2023_crossgnn)
ETTm1,96,0.29,0.342,PatchTST,li2025_tvnet,PatchTST (li2025_tvnet)
ETTm1,192,0.332,0.369,PatchTST,li2025_tvnet,PatchTST (li2025_tvnet)
ETTm1,336,0.366,0.392,PatchTST,li2025_tvnet,PatchTST (li2025_tvnet)
ETTm1,720,0.416,0.42,PatchTST,li2025_tvnet,PatchTST (li2025_tvnet)
ETTm1,Avg,0.351,0.381,PatchTST,li2025_tvnet,PatchTST (li2025_tvnet)
ETTm2,96,0.165,0.255,PatchTST,li2025_tvnet,PatchTST (li2025_tvnet)
ETTm2,192,0.22,0.292,PatchTST,li2025_tvnet,PatchTST (li2025_tvnet)
ETTm2,336,0.274,0.329,PatchTST,li2025_tvnet,PatchTST (li2025_tvnet)
ETTm2,720,0.362,0.385,PatchTST,li2025_tvnet,PatchTST (li2025_tvnet)
ETTm2,Avg,0.255,0.315,PatchTST,li2025_tvnet,PatchTST (li2025_tvnet)
ETTh1,96,0.37,0.399,PatchTST,li2025_tvnet,PatchTST (li2025_tvnet)
ETTh1,192,0.413,0.421,PatchTST,li2025_tvnet,PatchTST (li2025_tvnet)
ETTh1,336,0.422,0.436,PatchTST,li2025_tvnet,PatchTST (li2025_tvnet)
ETTh1,720,0.447,0.466,PatchTST,li2025_tvnet,PatchTST (li2025_tvnet)
ETTh1,Avg,0.413,0.431,PatchTST,li2025_tvnet,PatchTST (li2025_tvnet)
ETTh2,96,0.274,0.336,PatchTST,li2025_tvnet,PatchTST (li2025_tvnet)
ETTh2,192,0.339,0.379,PatchTST,li2025_tvnet,PatchTST (li2025_tvnet)
ETTh2,336,0.329,0.38,PatchTST,li2025_tvnet,PatchTST (li2025_tvnet)
ETTh2,720,0.379,0.422,PatchTST,li2025_tvnet,PatchTST (li2025_tvnet)
ETTh2,Avg,0.33,0.379,PatchTST,li2025_tvnet,PatchTST (li2025_tvnet)
Electricity,96,0.129,0.222,PatchTST,li2025_tvnet,PatchTST (li2025_tvnet)
Electricity,192,0.147,0.24,PatchTST,li2025_tvnet,PatchTST (li2025_tvnet)
Electricity,336,0.163,0.259,PatchTST,li2025_tvnet,PatchTST (li2025_tvnet)
Electricity,720,0.197,0.29,PatchTST,li2025_tvnet,PatchTST (li2025_tvnet)
Electricity,Avg,0.159,0.253,PatchTST,li2025_tvnet,PatchTST (li2025_tvnet)
Weather,96,0.149,0.198,PatchTST,li2025_tvnet,PatchTST (li2025_tvnet)
Weather,192,0.194,0.241,PatchTST,li2025_tvnet,PatchTST (li2025_tvnet)
Weather,336,0.245,0.282,PatchTST,li2025_tvnet,PatchTST (li2025_tvnet)
Weather,720,0.314,0.334,PatchTST,li2025_tvnet,PatchTST (li2025_tvnet)
Weather,Avg,0.226,0.264,PatchTST,li2025_tvnet,PatchTST (li2025_tvnet)
Traffic,96,0.36,0.249,PatchTST,li2025_tvnet,PatchTST (li2025_tvnet)
Traffic,192,0.379,0.256,PatchTST,li2025_tvnet,PatchTST (li2025_tvnet)
Traffic,336,0.392,0.264,PatchTST,li2025_tvnet,PatchTST (li2025_tvnet)
Traffic,720,0.432,0.286,PatchTST,li2025_tvnet,PatchTST (li2025_tvnet)
Traffic,Avg,0.391,0.264,PatchTST,li2025_tvnet,PatchTST (li2025_tvnet)
Exchange,96,0.093,0.214,PatchTST,li2025_tvnet,PatchTST (li2025_tvnet)
Exchange,192,0.192,0.312,PatchTST,li2025_tvnet,PatchTST (li2025_tvnet)
Exchange,336,0.35,0.432,PatchTST,li2025_tvnet,PatchTST (li2025_tvnet)
Exchange,720,0.911,0.716,PatchTST,li2025_tvnet,PatchTST (li2025_tvnet)
Exchange,Avg,0.387,0.419,PatchTST,li2025_tvnet,PatchTST (li2025_tvnet)
ILI,24,1.319,0.754,PatchTST,li2025_tvnet,PatchTST (li2025_tvnet)
ILI,36,1.43,0.834,PatchTST,li2025_tvnet,PatchTST (li2025_tvnet)
ILI,48,1.553,0.815,PatchTST,li2025_tvnet,PatchTST (li2025_tvnet)
ILI,60,1.47,0.788,PatchTST,li2025_tvnet,PatchTST (li2025_tvnet)
ILI,Avg,1.443,0.798,PatchTST,li2025_tvnet,PatchTST (li2025_tvnet)
Solar-Energy,96,,,PatchTST,li2025_tvnet,PatchTST (li2025_tvnet)
Solar-Energy,192,,,PatchTST,li2025_tvnet,PatchTST (li2025_tvnet)
Solar-Energy,336,,,PatchTST,li2025_tvnet,PatchTST (li2025_tvnet)
Solar-Energy,720,,,PatchTST,li2025_tvnet,PatchTST (li2025_tvnet)
Solar-Energy,Avg,,,PatchTST,li2025_tvnet,PatchTST (li2025_tvnet)
